first_name,last_name,dob,email,phone_number
test1,ltest1,22/05/2021,test1@gmail.com,1234567890
test2,ltest2,22/05/2021,test2@gmail.com,1234567891
test3,ltest3,22/05/2021,test3@gmail.com,1234567892
test4,ltest4,22/05/2021,test1@gmail.com,1234567893
test5,ltest5,22/05/2021,test5@gmail.com,1234567890
test6,ltest6,22/05/2021,test1@gmail.com,1234567890
test7,ltest7,22/05/2021,test7@gmail.com,1234567897
test8,ltest8,22/05/2021,test8@gmail.com,1234567898
test9,ltest9,22/05/2021,test9@gmail.com,1234567899
test10,ltest9,22/05/2021,test10@gmail.com,1234567810